nif,name,date,payed,amount,concept,freelance
46-0092907,Agimba,2017/12/10,true,4947.94,"Dik, kirk's dik",true
46-0092907,Agimba,2017/12/10,true,4947.94,"Dik, kirk's dik",true
46-0092907,Agimba,2017/12/10,true,4947.94,"Dik, kirk's dik",true
01-7526983,Ailane,2017/11/20,true,18467.43,"Beaver, eurasian",true
01-7526983,Ailane,2017/11/20,true,18467.43,"Beaver, eurasian",true
01-7526983,Ailane,2017/11/20,true,18467.43,"Beaver, eurasian",true
11-8592287,Aimbu,2017/10/11,true,5057.32,"Crow, pied",true
11-8592287,Aimbu,2017/10/11,true,5057.32,"Crow, pied",true
11-8592287,Aimbu,2017/10/11,true,5057.32,"Crow, pied",true
11-8592287,Aimbu,2017/10/11,true,5057.32,"Crow, pied",true
11-8592287,Aimbu,2017/10/11,true,5057.32,"Crow, pied",true
11-8592287,Aimbu,2017/10/11,true,5057.32,"Crow, pied",true
11-8592287,Aimbu,2017/10/11,true,5057.32,"Crow, pied",true
11-8592287,Aimbu,2017/10/11,true,5057.32,"Crow, pied",true
11-8592287,Aimbu,2017/10/11,true,5057.32,"Crow, pied",true
11-8592287,Aimbu,2017/10/11,true,5057.32,"Crow, pied",true
11-8592287,Aimbu,2017/10/11,true,5057.32,"Crow, pied",true
11-8592287,Aimbu,2017/10/11,true,5057.32,"Crow, pied",true
11-8592287,Aimbu,2017/10/11,true,5057.32,"Crow, pied",true
11-8592287,Aimbu,2017/10/11,true,5057.32,"Crow, pied",true
11-8592287,Aimbu,2017/10/11,true,5057.32,"Crow, pied",true
11-8592287,Aimbu,2017/10/11,true,5057.32,"Crow, pied",true
11-8592287,Aimbu,2017/10/11,true,5057.32,"Crow, pied",true
11-8592287,Aimbu,2017/10/11,true,5057.32,"Crow, pied",true
11-8592287,Aimbu,2017/10/11,true,5057.32,"Crow, pied",true
11-8592287,Aimbu,2017/10/11,true,5057.32,"Crow, pied",true
11-8592287,Aimbu,2017/10/11,true,5057.32,"Crow, pied",true
11-8592287,Aimbu,2017/10/11,true,5057.32,"Crow, pied",true
29-8402966,Aivee,2017/06/07,false,14829.83,Scottish highland cow,true
29-8402966,Aivee,2017/06/07,false,14829.83,Scottish highland cow,true
29-8402966,Aivee,2017/06/07,false,14829.83,Scottish highland cow,true
04-4402640,Avamm,2017/10/12,true,16003.9,Aardwolf,true
04-4402640,Avamm,2017/10/12,true,16003.9,Aardwolf,true
04-4402640,Avamm,2017/10/12,true,16003.9,Aardwolf,true
42-6976970,Babbleset,2017/07/06,true,16072.49,Harbor seal,true
42-6976970,Babbleset,2017/07/06,true,16072.49,Harbor seal,true
42-6976970,Babbleset,2017/07/06,true,16072.49,Harbor seal,true
22-0498492,Babblestorm,2017/04/24,true,6662.64,"Zebra, plains",true
22-0498492,Babblestorm,2017/04/24,true,6662.64,"Zebra, plains",true
22-0498492,Babblestorm,2017/04/24,true,6662.64,"Zebra, plains",true
22-0498492,Babblestorm,2017/04/24,true,6662.64,"Zebra, plains",true
22-0498492,Babblestorm,2017/04/24,true,6662.64,"Zebra, plains",true
22-0498492,Babblestorm,2017/04/24,true,6662.64,"Zebra, plains",true
22-0498492,Babblestorm,2017/04/24,true,6662.64,"Zebra, plains",true
22-0498492,Babblestorm,2017/04/24,true,6662.64,"Zebra, plains",true
22-0498492,Babblestorm,2017/04/24,true,6662.64,"Zebra, plains",true
22-0498492,Babblestorm,2017/04/24,true,6662.64,"Zebra, plains",true
22-0498492,Babblestorm,2017/04/24,true,6662.64,"Zebra, plains",true
22-0498492,Babblestorm,2017/04/24,true,6662.64,"Zebra, plains",true
22-0498492,Babblestorm,2017/04/24,true,6662.64,"Zebra, plains",true
22-0498492,Babblestorm,2017/04/24,true,6662.64,"Zebra, plains",true
22-0498492,Babblestorm,2017/04/24,true,6662.64,"Zebra, plains",true
22-0498492,Babblestorm,2017/04/24,true,6662.64,"Zebra, plains",true
22-0498492,Babblestorm,2017/04/24,true,6662.64,"Zebra, plains",true
22-0498492,Babblestorm,2017/04/24,true,6662.64,"Zebra, plains",true
22-0498492,Babblestorm,2017/04/24,true,6662.64,"Zebra, plains",true
22-0498492,Babblestorm,2017/04/24,true,6662.64,"Zebra, plains",true
22-0498492,Babblestorm,2017/04/24,true,6662.64,"Zebra, plains",true
22-0498492,Babblestorm,2017/04/24,true,6662.64,"Zebra, plains",true
89-2903811,Brainlounge,2017/02/05,false,4352.32,Chimpanzee,true
89-2903811,Brainlounge,2017/02/05,false,4352.32,Chimpanzee,true
01-0797804,Browsetype,2017/03/30,false,2437.01,Sally lightfoot crab,true
01-0797804,Browsetype,2017/03/30,false,2437.01,Sally lightfoot crab,true
01-0797804,Browsetype,2017/03/30,false,2437.01,Sally lightfoot crab,true
37-4712671,Browsezoom,2017/05/24,false,845.57,"Glider, squirrel",true
37-4712671,Browsezoom,2017/05/24,false,845.57,"Glider, squirrel",true
37-4712671,Browsezoom,2017/05/24,false,845.57,"Glider, squirrel",true
60-7123717,Bubblebox,2017/05/08,true,1621.03,River wallaby,true
63-3365525,Bubblebox,2017/10/31,false,6927.39,"Pigeon, feral rock",true
63-3365525,Bubblebox,2017/10/31,false,6927.39,"Pigeon, feral rock",true
63-3365525,Bubblebox,2017/10/31,false,6927.39,"Pigeon, feral rock",true
63-3365525,Bubblebox,2017/10/31,false,6927.39,"Pigeon, feral rock",true
63-3365525,Bubblebox,2017/10/31,false,6927.39,"Pigeon, feral rock",true
63-3365525,Bubblebox,2017/10/31,false,6927.39,"Pigeon, feral rock",true
63-3365525,Bubblebox,2017/10/31,false,6927.39,"Pigeon, feral rock",true
63-3365525,Bubblebox,2017/10/31,false,6927.39,"Pigeon, feral rock",true
60-7123717,Bubblebox,2017/05/08,true,1621.03,River wallaby,true
63-3365525,Bubblebox,2017/10/31,false,6927.39,"Pigeon, feral rock",true
63-3365525,Bubblebox,2017/10/31,false,6927.39,"Pigeon, feral rock",true
63-3365525,Bubblebox,2017/10/31,false,6927.39,"Pigeon, feral rock",true
63-3365525,Bubblebox,2017/10/31,false,6927.39,"Pigeon, feral rock",true
63-3365525,Bubblebox,2017/10/31,false,6927.39,"Pigeon, feral rock",true
63-3365525,Bubblebox,2017/10/31,false,6927.39,"Pigeon, feral rock",true
63-3365525,Bubblebox,2017/10/31,false,6927.39,"Pigeon, feral rock",true
63-3365525,Bubblebox,2017/10/31,false,6927.39,"Pigeon, feral rock",true
60-7123717,Bubblebox,2017/05/08,true,1621.03,River wallaby,true
63-3365525,Bubblebox,2017/10/31,false,6927.39,"Pigeon, feral rock",true
63-3365525,Bubblebox,2017/10/31,false,6927.39,"Pigeon, feral rock",true
63-3365525,Bubblebox,2017/10/31,false,6927.39,"Pigeon, feral rock",true
63-3365525,Bubblebox,2017/10/31,false,6927.39,"Pigeon, feral rock",true
63-3365525,Bubblebox,2017/10/31,false,6927.39,"Pigeon, feral rock",true
63-3365525,Bubblebox,2017/10/31,false,6927.39,"Pigeon, feral rock",true
82-7749767,Buzzdog,2017/01/18,false,5973.7,Red-capped cardinal,true
82-7749767,Buzzdog,2017/01/18,false,5973.7,Red-capped cardinal,true
82-7749767,Buzzdog,2017/01/18,false,5973.7,Red-capped cardinal,true
82-7749767,Buzzdog,2017/01/18,false,5973.7,Red-capped cardinal,true
82-7749767,Buzzdog,2017/01/18,false,5973.7,Red-capped cardinal,true
82-7749767,Buzzdog,2017/01/18,false,5973.7,Red-capped cardinal,true
82-7749767,Buzzdog,2017/01/18,false,5973.7,Red-capped cardinal,true
82-7749767,Buzzdog,2017/01/18,false,5973.7,Red-capped cardinal,true
82-7749767,Buzzdog,2017/01/18,false,5973.7,Red-capped cardinal,true
82-7749767,Buzzdog,2017/01/18,false,5973.7,Red-capped cardinal,true
82-7749767,Buzzdog,2017/01/18,false,5973.7,Red-capped cardinal,true
82-7749767,Buzzdog,2017/01/18,false,5973.7,Red-capped cardinal,true
82-7749767,Buzzdog,2017/01/18,false,5973.7,Red-capped cardinal,true
82-7749767,Buzzdog,2017/01/18,false,5973.7,Red-capped cardinal,true
82-7749767,Buzzdog,2017/01/18,false,5973.7,Red-capped cardinal,true
82-7749767,Buzzdog,2017/01/18,false,5973.7,Red-capped cardinal,true
82-7749767,Buzzdog,2017/01/18,false,5973.7,Red-capped cardinal,true
82-7749767,Buzzdog,2017/01/18,false,5973.7,Red-capped cardinal,true
82-7749767,Buzzdog,2017/01/18,false,5973.7,Red-capped cardinal,true
82-7749767,Buzzdog,2017/01/18,false,5973.7,Red-capped cardinal,true
82-7749767,Buzzdog,2017/01/18,false,5973.7,Red-capped cardinal,true
82-7749767,Buzzdog,2017/01/18,false,5973.7,Red-capped cardinal,true
84-4974121,Camido,2017/03/02,false,8770.24,"Coot, red-knobbed",true
02-3211591,Camido,2017/08/18,true,6354.42,Gerbil (unidentified),true
37-5398817,Camido,2017/09/09,false,6596.05,"Weaver, lesser masked",true
84-4974121,Camido,2017/03/02,false,8770.24,"Coot, red-knobbed",true
02-3211591,Camido,2017/08/18,true,6354.42,Gerbil (unidentified),true
37-5398817,Camido,2017/09/09,false,6596.05,"Weaver, lesser masked",true
84-4974121,Camido,2017/03/02,false,8770.24,"Coot, red-knobbed",true
02-3211591,Camido,2017/08/18,true,6354.42,Gerbil (unidentified),true
37-5398817,Camido,2017/09/09,false,6596.05,"Weaver, lesser masked",true
50-5264445,Chatterbridge,2017/07/31,false,7382.2,"Hartebeest, coke's",true
50-5264445,Chatterbridge,2017/07/31,false,7382.2,"Hartebeest, coke's",true
50-5264445,Chatterbridge,2017/07/31,false,7382.2,"Hartebeest, coke's",true
89-7873700,Cogilith,2017/02/25,false,5493.26,Bare-faced go away bird,true
89-7873700,Cogilith,2017/02/25,false,5493.26,Bare-faced go away bird,true
89-7873700,Cogilith,2017/02/25,false,5493.26,Bare-faced go away bird,true
78-9869666,Dabvine,2017/10/02,true,12985.53,"Wolf, timber",true
78-9869666,Dabvine,2017/10/02,true,2985.53,"Wolf, timber",true
78-9869666,Dabvine,2017/10/02,true,2985.53,"Wolf, timber",true
78-9869666,Dabvine,2017/10/02,true,2985.53,"Wolf, timber",true
78-9869666,Dabvine,2017/10/02,true,2985.53,"Wolf, timber",true
78-9869666,Dabvine,2017/10/02,true,2985.53,"Wolf, timber",true
78-9869666,Dabvine,2017/10/02,true,2985.53,"Wolf, timber",true
78-9869666,Dabvine,2017/10/02,true,2985.53,"Wolf, timber",true
78-9869666,Dabvine,2017/10/02,true,12985.53,"Wolf, timber",true
78-9869666,Dabvine,2017/10/02,true,2985.53,"Wolf, timber",true
78-9869666,Dabvine,2017/10/02,true,2985.53,"Wolf, timber",true
78-9869666,Dabvine,2017/10/02,true,2985.53,"Wolf, timber",true
78-9869666,Dabvine,2017/10/02,true,2985.53,"Wolf, timber",true
78-9869666,Dabvine,2017/10/02,true,2985.53,"Wolf, timber",true
78-9869666,Dabvine,2017/10/02,true,2985.53,"Wolf, timber",true
78-9869666,Dabvine,2017/10/02,true,2985.53,"Wolf, timber",true
78-9869666,Dabvine,2017/10/02,true,12985.53,"Wolf, timber",true
78-9869666,Dabvine,2017/10/02,true,2985.53,"Wolf, timber",true
78-9869666,Dabvine,2017/10/02,true,2985.53,"Wolf, timber",true
78-9869666,Dabvine,2017/10/02,true,2985.53,"Wolf, timber",true
78-9869666,Dabvine,2017/10/02,true,2985.53,"Wolf, timber",true
78-9869666,Dabvine,2017/10/02,true,2985.53,"Wolf, timber",true
31-0089156,Demivee,2017/09/26,true,8566.15,Black-eyed bulbul,true
77-0819720,Demivee,2017/05/06,false,2020.52,Prehensile-tailed porcupine,true
31-0089156,Demivee,2017/09/26,true,8566.15,Black-eyed bulbul,true
77-0819720,Demivee,2017/05/06,false,2020.52,Prehensile-tailed porcupine,true
31-0089156,Demivee,2017/09/26,true,8566.15,Black-eyed bulbul,true
77-0819720,Demivee,2017/05/06,false,2020.52,Prehensile-tailed porcupine,true
26-9822408,Devify,2017/06/20,false,8152.62,Pale white-eye,true
26-9822408,Devify,2017/06/20,false,8152.62,Pale white-eye,true
26-9822408,Devify,2017/06/20,false,8152.62,Pale white-eye,true
26-9822408,Devify,2017/06/20,false,8152.62,Pale white-eye,true
26-9822408,Devify,2017/06/20,false,8152.62,Pale white-eye,true
26-9822408,Devify,2017/06/20,false,8152.62,Pale white-eye,true
26-9822408,Devify,2017/06/20,false,8152.62,Pale white-eye,true
26-9822408,Devify,2017/06/20,false,8152.62,Pale white-eye,true
26-9822408,Devify,2017/06/20,false,8152.62,Pale white-eye,true
26-9822408,Devify,2017/06/20,false,8152.62,Pale white-eye,true
26-9822408,Devify,2017/06/20,false,8152.62,Pale white-eye,true
26-9822408,Devify,2017/06/20,false,8152.62,Pale white-eye,true
26-9822408,Devify,2017/06/20,false,8152.62,Pale white-eye,true
26-9822408,Devify,2017/06/20,false,8152.62,Pale white-eye,true
26-9822408,Devify,2017/06/20,false,8152.62,Pale white-eye,true
26-9822408,Devify,2017/06/20,false,8152.62,Pale white-eye,true
26-9822408,Devify,2017/06/20,false,8152.62,Pale white-eye,true
26-9822408,Devify,2017/06/20,false,8152.62,Pale white-eye,true
26-9822408,Devify,2017/06/20,false,8152.62,Pale white-eye,true
26-9822408,Devify,2017/06/20,false,8152.62,Pale white-eye,true
26-9822408,Devify,2017/06/20,false,8152.62,Pale white-eye,true
26-9822408,Devify,2017/06/20,false,8152.62,Pale white-eye,true
42-2538506,Digitube,2017/07/30,false,3130.42,"Dove, galapagos",true
27-8035818,Digitube,2017/06/06,false,2182.88,"Monkey, red howler",true
27-8035818,Digitube,2017/06/06,false,2182.88,"Monkey, red howler",true
27-8035818,Digitube,2017/06/06,false,2182.88,"Monkey, red howler",true
27-8035818,Digitube,2017/06/06,false,2182.88,"Monkey, red howler",true
27-8035818,Digitube,2017/06/06,false,2182.88,"Monkey, red howler",true
27-8035818,Digitube,2017/06/06,false,2182.88,"Monkey, red howler",true
27-8035818,Digitube,2017/06/06,false,2182.88,"Monkey, red howler",true
27-8035818,Digitube,2017/06/06,false,2182.88,"Monkey, red howler",true
42-2538506,Digitube,2017/07/30,false,3130.42,"Dove, galapagos",true
27-8035818,Digitube,2017/06/06,false,2182.88,"Monkey, red howler",true
27-8035818,Digitube,2017/06/06,false,2182.88,"Monkey, red howler",true
27-8035818,Digitube,2017/06/06,false,2182.88,"Monkey, red howler",true
27-8035818,Digitube,2017/06/06,false,2182.88,"Monkey, red howler",true
27-8035818,Digitube,2017/06/06,false,2182.88,"Monkey, red howler",true
27-8035818,Digitube,2017/06/06,false,2182.88,"Monkey, red howler",true
27-8035818,Digitube,2017/06/06,false,2182.88,"Monkey, red howler",true
27-8035818,Digitube,2017/06/06,false,2182.88,"Monkey, red howler",true
42-2538506,Digitube,2017/07/30,false,3130.42,"Dove, galapagos",true
27-8035818,Digitube,2017/06/06,false,2182.88,"Monkey, red howler",true
27-8035818,Digitube,2017/06/06,false,2182.88,"Monkey, red howler",true
27-8035818,Digitube,2017/06/06,false,2182.88,"Monkey, red howler",true
27-8035818,Digitube,2017/06/06,false,2182.88,"Monkey, red howler",true
27-8035818,Digitube,2017/06/06,false,2182.88,"Monkey, red howler",true
75-7958395,Divanoodle,2017/10/05,true,11151.37,Golden brush-tailed possum,true
21-7979061,Divanoodle,2017/02/19,false,1653.97,Little heron,true
75-7958395,Divanoodle,2017/10/05,true,11151.37,Golden brush-tailed possum,true
21-7979061,Divanoodle,2017/02/19,false,1653.97,Little heron,true
75-7958395,Divanoodle,2017/10/05,true,11151.37,Golden brush-tailed possum,true
17-9839226,Divape,2017/02/22,false,4130.64,"Gull, kelp",true
17-9839226,Divape,2017/02/22,false,4130.64,"Gull, kelp",true
17-9839226,Divape,2017/02/22,false,4130.64,"Gull, kelp",true
06-1515275,Dynabox,2017/10/11,false,7379.79,Burmese black mountain tortoise,true
06-1515275,Dynabox,2017/10/11,false,7379.79,Burmese black mountain tortoise,true
06-1515275,Dynabox,2017/10/11,false,7379.79,Burmese black mountain tortoise,true
27-9921562,Eamia,2017/08/26,false,9662.6,Red meerkat,true
27-9921562,Eamia,2017/08/26,false,9662.6,Red meerkat,true
27-9921562,Eamia,2017/08/26,false,9662.6,Red meerkat,true
31-9546108,Edgeclub,2017/04/12,true,7468.41,African porcupine,true
66-6994287,Edgeclub,2017/09/28,true,8672.23,"Lemur, grey mouse",true
31-9546108,Edgeclub,2017/04/12,true,7468.41,African porcupine,true
66-6994287,Edgeclub,2017/09/28,true,8672.23,"Lemur, grey mouse",true
31-9546108,Edgeclub,2017/04/12,true,7468.41,African porcupine,true
80-1048206,Edgetag,2017/04/08,false,4348.0,"Fox, asian red",true
80-1048206,Edgetag,2017/04/08,false,4348.0,"Fox, asian red",true
80-1048206,Edgetag,2017/04/08,false,4348.0,"Fox, asian red",true
80-1048206,Edgetag,2017/04/08,false,4348.0,"Fox, asian red",true
80-1048206,Edgetag,2017/04/08,false,4348.0,"Fox, asian red",true
80-1048206,Edgetag,2017/04/08,false,4348.0,"Fox, asian red",true
80-1048206,Edgetag,2017/04/08,false,4348.0,"Fox, asian red",true
80-1048206,Edgetag,2017/04/08,false,4348.0,"Fox, asian red",true
80-1048206,Edgetag,2017/04/08,false,4348.0,"Fox, asian red",true
80-1048206,Edgetag,2017/04/08,false,4348.0,"Fox, asian red",true
80-1048206,Edgetag,2017/04/08,false,4348.0,"Fox, asian red",true
80-1048206,Edgetag,2017/04/08,false,4348.0,"Fox, asian red",true
80-1048206,Edgetag,2017/04/08,false,4348.0,"Fox, asian red",true
80-1048206,Edgetag,2017/04/08,false,4348.0,"Fox, asian red",true
80-1048206,Edgetag,2017/04/08,false,4348.0,"Fox, asian red",true
80-1048206,Edgetag,2017/04/08,false,4348.0,"Fox, asian red",true
80-1048206,Edgetag,2017/04/08,false,4348.0,"Fox, asian red",true
80-1048206,Edgetag,2017/04/08,false,4348.0,"Fox, asian red",true
80-1048206,Edgetag,2017/04/08,false,4348.0,"Fox, asian red",true
80-1048206,Edgetag,2017/04/08,false,4348.0,"Fox, asian red",true
80-1048206,Edgetag,2017/04/08,false,4348.0,"Fox, asian red",true
80-1048206,Edgetag,2017/04/08,false,4348.0,"Fox, asian red",true
75-6598597,Einti,2017/01/03,true,511.97,Great cormorant,true
75-6598597,Einti,2017/01/03,true,511.97,Great cormorant,true
75-6598597,Einti,2017/01/03,true,511.97,Great cormorant,true
75-6598597,Einti,2017/01/03,true,511.97,Great cormorant,true
75-6598597,Einti,2017/01/03,true,511.97,Great cormorant,true
75-6598597,Einti,2017/01/03,true,511.97,Great cormorant,true
75-6598597,Einti,2017/01/03,true,511.97,Great cormorant,true
75-6598597,Einti,2017/01/03,true,511.97,Great cormorant,true
75-6598597,Einti,2017/01/03,true,511.97,Great cormorant,true
75-6598597,Einti,2017/01/03,true,511.97,Great cormorant,true
75-6598597,Einti,2017/01/03,true,511.97,Great cormorant,true
75-6598597,Einti,2017/01/03,true,511.97,Great cormorant,true
75-6598597,Einti,2017/01/03,true,511.97,Great cormorant,true
75-6598597,Einti,2017/01/03,true,511.97,Great cormorant,true
75-6598597,Einti,2017/01/03,true,511.97,Great cormorant,true
75-6598597,Einti,2017/01/03,true,511.97,Great cormorant,true
75-6598597,Einti,2017/01/03,true,511.97,Great cormorant,true
75-6598597,Einti,2017/01/03,true,511.97,Great cormorant,true
75-6598597,Einti,2017/01/03,true,511.97,Great cormorant,true
75-6598597,Einti,2017/01/03,true,511.97,Great cormorant,true
75-6598597,Einti,2017/01/03,true,511.97,Great cormorant,true
75-6598597,Einti,2017/01/03,true,511.97,Great cormorant,true
74-1283691,Fadeo,2017/06/17,false,8371.46,Yellow-necked spurfowl,true
74-1283691,Fadeo,2017/06/17,false,8371.46,Yellow-necked spurfowl,true
74-1283691,Fadeo,2017/06/17,false,8371.46,Yellow-necked spurfowl,true
42-0008165,Feedspan,2017/12/10,true,1107.74,Asian red fox,true
42-0008165,Feedspan,2017/12/10,true,1107.74,Asian red fox,true
42-0008165,Feedspan,2017/12/10,true,1107.74,Asian red fox,true
19-7011558,Flashspan,2017/03/16,false,9446.98,Southern right whale,true
19-7011558,Flashspan,2017/03/16,false,9446.98,Southern right whale,true
19-7011558,Flashspan,2017/03/16,false,9446.98,Southern right whale,true
21-4862776,Gigazoom,2017/02/24,true,174.48,"Goose, cereopsis",true
21-4862776,Gigazoom,2017/02/24,true,174.48,"Goose, cereopsis",true
21-4862776,Gigazoom,2017/02/24,true,174.48,"Goose, cereopsis",true
21-4862776,Gigazoom,2017/02/24,true,174.48,"Goose, cereopsis",true
21-4862776,Gigazoom,2017/02/24,true,174.48,"Goose, cereopsis",true
21-4862776,Gigazoom,2017/02/24,true,174.48,"Goose, cereopsis",true
21-4862776,Gigazoom,2017/02/24,true,174.48,"Goose, cereopsis",true
21-4862776,Gigazoom,2017/02/24,true,174.48,"Goose, cereopsis",true
21-4862776,Gigazoom,2017/02/24,true,174.48,"Goose, cereopsis",true
21-4862776,Gigazoom,2017/02/24,true,174.48,"Goose, cereopsis",true
21-4862776,Gigazoom,2017/02/24,true,174.48,"Goose, cereopsis",true
21-4862776,Gigazoom,2017/02/24,true,174.48,"Goose, cereopsis",true
21-4862776,Gigazoom,2017/02/24,true,174.48,"Goose, cereopsis",true
21-4862776,Gigazoom,2017/02/24,true,174.48,"Goose, cereopsis",true
21-4862776,Gigazoom,2017/02/24,true,174.48,"Goose, cereopsis",true
21-4862776,Gigazoom,2017/02/24,true,174.48,"Goose, cereopsis",true
21-4862776,Gigazoom,2017/02/24,true,174.48,"Goose, cereopsis",true
21-4862776,Gigazoom,2017/02/24,true,174.48,"Goose, cereopsis",true
21-4862776,Gigazoom,2017/02/24,true,174.48,"Goose, cereopsis",true
21-4862776,Gigazoom,2017/02/24,true,174.48,"Goose, cereopsis",true
21-4862776,Gigazoom,2017/02/24,true,174.48,"Goose, cereopsis",true
21-4862776,Gigazoom,2017/02/24,true,174.48,"Goose, cereopsis",true
37-3255886,Jabbertype,2017/04/20,true,780.12,"Meerkat, red",true
37-3255886,Jabbertype,2017/04/20,true,780.12,"Meerkat, red",true
37-3255886,Jabbertype,2017/04/20,true,780.12,"Meerkat, red",true
37-3255886,Jabbertype,2017/04/20,true,780.12,"Meerkat, red",true
37-3255886,Jabbertype,2017/04/20,true,780.12,"Meerkat, red",true
37-3255886,Jabbertype,2017/04/20,true,780.12,"Meerkat, red",true
37-3255886,Jabbertype,2017/04/20,true,780.12,"Meerkat, red",true
37-3255886,Jabbertype,2017/04/20,true,780.12,"Meerkat, red",true
56-8718069,Jabbertype,2017/01/14,false,395.59,"Eland, common",true
37-3255886,Jabbertype,2017/04/20,true,780.12,"Meerkat, red",true
37-3255886,Jabbertype,2017/04/20,true,780.12,"Meerkat, red",true
37-3255886,Jabbertype,2017/04/20,true,780.12,"Meerkat, red",true
37-3255886,Jabbertype,2017/04/20,true,780.12,"Meerkat, red",true
37-3255886,Jabbertype,2017/04/20,true,780.12,"Meerkat, red",true
37-3255886,Jabbertype,2017/04/20,true,780.12,"Meerkat, red",true
37-3255886,Jabbertype,2017/04/20,true,780.12,"Meerkat, red",true
37-3255886,Jabbertype,2017/04/20,true,780.12,"Meerkat, red",true
56-8718069,Jabbertype,2017/01/14,false,395.59,"Eland, common",true
37-3255886,Jabbertype,2017/04/20,true,780.12,"Meerkat, red",true
37-3255886,Jabbertype,2017/04/20,true,780.12,"Meerkat, red",true
37-3255886,Jabbertype,2017/04/20,true,780.12,"Meerkat, red",true
37-3255886,Jabbertype,2017/04/20,true,780.12,"Meerkat, red",true
37-3255886,Jabbertype,2017/04/20,true,780.12,"Meerkat, red",true
37-3255886,Jabbertype,2017/04/20,true,780.12,"Meerkat, red",true
87-4723009,Jaloo,2017/10/31,true,2844.53,"Kangaroo, brush-tailed rat",true
87-4723009,Jaloo,2017/10/31,true,2844.53,"Kangaroo, brush-tailed rat",true
95-0519541,Jamia,2017/04/10,true,8282.42,Australian brush turkey,true
95-0519541,Jamia,2017/04/10,true,8282.42,Australian brush turkey,true
95-0519541,Jamia,2017/04/10,true,8282.42,Australian brush turkey,true
05-0129891,Jayo,2017/04/18,false,8340.0,Common melba finch,true
05-0129891,Jayo,2017/04/18,false,8340.0,Common melba finch,true
05-0129891,Jayo,2017/04/18,false,8340.0,Common melba finch,true
96-8721358,Jetpulse,2017/12/06,true,5867.39,Savannah deer,true
68-2389566,Jetpulse,2017/01/15,false,9390.78,Western pygmy possum,true
96-8721358,Jetpulse,2017/12/06,true,5867.39,Savannah deer,true
68-2389566,Jetpulse,2017/01/15,false,9390.78,Western pygmy possum,true
96-8721358,Jetpulse,2017/12/06,true,5867.39,Savannah deer,true
68-2389566,Jetpulse,2017/01/15,false,9390.78,Western pygmy possum,true
27-7944423,Leexo,2017/09/18,true,5293.66,"Squirrel, pine",false
48-9064891,Leexo,2017/04/16,false,6715.79,Greylag goose,false
27-7944423,Leexo,2017/09/18,true,5293.66,"Squirrel, pine",false
48-9064891,Leexo,2017/04/16,false,6715.79,Greylag goose,false
27-7944423,Leexo,2017/09/18,true,5293.66,"Squirrel, pine",false
48-9064891,Leexo,2017/04/16,false,6715.79,Greylag goose,false
61-3311193,Linkbridge,2017/05/01,false,8724.08,Desert spiny lizard,false
61-3311193,Linkbridge,2017/05/01,false,8724.08,Desert spiny lizard,false
61-3311193,Linkbridge,2017/05/01,false,8724.08,Desert spiny lizard,false
93-3854302,Linklinks,2017/04/14,false,7987.94,White rhinoceros,false
93-3854302,Linklinks,2017/04/14,false,7987.94,White rhinoceros,false
93-3854302,Linklinks,2017/04/14,false,7987.94,White rhinoceros,false
07-6070581,Meevee,2017/07/07,true,13674.79,Gray duiker,false
07-6070581,Meevee,2017/07/07,true,13674.79,Gray duiker,false
07-6070581,Meevee,2017/07/07,true,13674.79,Gray duiker,false
09-2714683,Midel,2017/01/19,false,7593.54,Gulls (unidentified),false
09-2714683,Midel,2017/01/19,false,7593.54,Gulls (unidentified),false
94-9162746,Mycat,2017/02/15,true,7963.95,Wattled crane,false
94-9162746,Mycat,2017/02/15,true,7963.95,Wattled crane,false
94-9162746,Mycat,2017/02/15,true,7963.95,Wattled crane,false
13-0388689,Mymm,2017/03/10,true,2022.61,"Shrike, southern white-crowned",false
13-0388689,Mymm,2017/03/10,true,2022.61,"Shrike, southern white-crowned",false
13-0388689,Mymm,2017/03/10,true,2022.61,"Shrike, southern white-crowned",false
08-3017869,Mynte,2017/01/22,false,2504.57,Plains zebra,false
08-3017869,Mynte,2017/01/22,false,2504.57,Plains zebra,false
08-3017869,Mynte,2017/01/22,false,2504.57,Plains zebra,false
25-1006281,Npath,2017/02/17,false,13767.77,Red-billed buffalo weaver,false
25-1006281,Npath,2017/02/17,false,3767.77,Red-billed buffalo weaver,false
25-1006281,Npath,2017/02/17,false,3767.77,Red-billed buffalo weaver,false
25-1006281,Npath,2017/02/17,false,3767.77,Red-billed buffalo weaver,false
25-1006281,Npath,2017/02/17,false,3767.77,Red-billed buffalo weaver,false
25-1006281,Npath,2017/02/17,false,3767.77,Red-billed buffalo weaver,false
25-1006281,Npath,2017/02/17,false,3767.77,Red-billed buffalo weaver,false
25-1006281,Npath,2017/02/17,false,3767.77,Red-billed buffalo weaver,false
25-1006281,Npath,2017/02/17,false,13767.77,Red-billed buffalo weaver,false
25-1006281,Npath,2017/02/17,false,3767.77,Red-billed buffalo weaver,false
25-1006281,Npath,2017/02/17,false,3767.77,Red-billed buffalo weaver,false
25-1006281,Npath,2017/02/17,false,3767.77,Red-billed buffalo weaver,false
25-1006281,Npath,2017/02/17,false,3767.77,Red-billed buffalo weaver,false
25-1006281,Npath,2017/02/17,false,3767.77,Red-billed buffalo weaver,false
25-1006281,Npath,2017/02/17,false,3767.77,Red-billed buffalo weaver,false
25-1006281,Npath,2017/02/17,false,3767.77,Red-billed buffalo weaver,false
25-1006281,Npath,2017/02/17,false,13767.77,Red-billed buffalo weaver,false
25-1006281,Npath,2017/02/17,false,3767.77,Red-billed buffalo weaver,false
25-1006281,Npath,2017/02/17,false,3767.77,Red-billed buffalo weaver,false
25-1006281,Npath,2017/02/17,false,3767.77,Red-billed buffalo weaver,false
25-1006281,Npath,2017/02/17,false,3767.77,Red-billed buffalo weaver,false
25-1006281,Npath,2017/02/17,false,3767.77,Red-billed buffalo weaver,false
42-6195939,Oyoloo,2017/06/28,true,5079.29,Black-capped chickadee,false
42-6195939,Oyoloo,2017/06/28,true,5079.29,Black-capped chickadee,false
42-6195939,Oyoloo,2017/06/28,true,5079.29,Black-capped chickadee,false
42-6195939,Oyoloo,2017/06/28,true,5079.29,Black-capped chickadee,false
42-6195939,Oyoloo,2017/06/28,true,5079.29,Black-capped chickadee,false
42-6195939,Oyoloo,2017/06/28,true,5079.29,Black-capped chickadee,false
42-6195939,Oyoloo,2017/06/28,true,5079.29,Black-capped chickadee,false
42-6195939,Oyoloo,2017/06/28,true,5079.29,Black-capped chickadee,false
42-6195939,Oyoloo,2017/06/28,true,5079.29,Black-capped chickadee,false
42-6195939,Oyoloo,2017/06/28,true,5079.29,Black-capped chickadee,false
42-6195939,Oyoloo,2017/06/28,true,5079.29,Black-capped chickadee,false
42-6195939,Oyoloo,2017/06/28,true,5079.29,Black-capped chickadee,false
42-6195939,Oyoloo,2017/06/28,true,5079.29,Black-capped chickadee,false
42-6195939,Oyoloo,2017/06/28,true,5079.29,Black-capped chickadee,false
42-6195939,Oyoloo,2017/06/28,true,5079.29,Black-capped chickadee,false
42-6195939,Oyoloo,2017/06/28,true,5079.29,Black-capped chickadee,false
42-6195939,Oyoloo,2017/06/28,true,5079.29,Black-capped chickadee,false
42-6195939,Oyoloo,2017/06/28,true,5079.29,Black-capped chickadee,false
42-6195939,Oyoloo,2017/06/28,true,5079.29,Black-capped chickadee,false
42-6195939,Oyoloo,2017/06/28,true,5079.29,Black-capped chickadee,false
42-6195939,Oyoloo,2017/06/28,true,5079.29,Black-capped chickadee,false
42-6195939,Oyoloo,2017/06/28,true,5079.29,Black-capped chickadee,false
82-4314179,Oyondu,2017/01/06,false,9564.37,Galapagos tortoise,false
82-4314179,Oyondu,2017/01/06,false,9564.37,Galapagos tortoise,false
82-4314179,Oyondu,2017/01/06,false,9564.37,Galapagos tortoise,false
83-6982820,Pixonyx,2017/10/03,false,6142.22,"Cat, tiger",false
83-6982820,Pixonyx,2017/10/03,false,6142.22,"Cat, tiger",false
83-6982820,Pixonyx,2017/10/03,false,6142.22,"Cat, tiger",false
18-8090870,Quamba,2017/04/12,false,4737.21,"Cat, civet",false
18-8090870,Quamba,2017/04/12,false,4737.21,"Cat, civet",false
18-8090870,Quamba,2017/04/12,false,4737.21,"Cat, civet",false
46-7548151,Quinu,2017/03/09,true,3171.9,Indian star tortoise,false
28-8076768,Quinu,2017/07/14,true,4567.33,African lion,false
28-8076768,Quinu,2017/07/14,true,4567.33,African lion,false
28-8076768,Quinu,2017/07/14,true,4567.33,African lion,false
28-8076768,Quinu,2017/07/14,true,4567.33,African lion,false
28-8076768,Quinu,2017/07/14,true,4567.33,African lion,false
28-8076768,Quinu,2017/07/14,true,4567.33,African lion,false
28-8076768,Quinu,2017/07/14,true,4567.33,African lion,false
28-8076768,Quinu,2017/07/14,true,4567.33,African lion,false
46-7548151,Quinu,2017/03/09,true,3171.9,Indian star tortoise,false
28-8076768,Quinu,2017/07/14,true,4567.33,African lion,false
28-8076768,Quinu,2017/07/14,true,4567.33,African lion,false
28-8076768,Quinu,2017/07/14,true,4567.33,African lion,false
28-8076768,Quinu,2017/07/14,true,4567.33,African lion,false
28-8076768,Quinu,2017/07/14,true,4567.33,African lion,false
28-8076768,Quinu,2017/07/14,true,4567.33,African lion,false
28-8076768,Quinu,2017/07/14,true,4567.33,African lion,false
28-8076768,Quinu,2017/07/14,true,4567.33,African lion,false
46-7548151,Quinu,2017/03/09,true,3171.9,Indian star tortoise,false
28-8076768,Quinu,2017/07/14,true,4567.33,African lion,false
28-8076768,Quinu,2017/07/14,true,4567.33,African lion,false
28-8076768,Quinu,2017/07/14,true,4567.33,African lion,false
28-8076768,Quinu,2017/07/14,true,4567.33,African lion,false
28-8076768,Quinu,2017/07/14,true,4567.33,African lion,false
28-8076768,Quinu,2017/07/14,true,4567.33,African lion,false
64-7860843,Realblab,2017/07/10,true,5974.28,Black-capped capuchin,false
28-6872142,Realblab,2017/11/15,false,3825.1,Osprey,false
64-7860843,Realblab,2017/07/10,true,5974.28,Black-capped capuchin,false
28-6872142,Realblab,2017/11/15,false,3825.1,Osprey,false
64-7860843,Realblab,2017/07/10,true,5974.28,Black-capped capuchin,false
28-6872142,Realblab,2017/11/15,false,3825.1,Osprey,false
64-7860843,Realblab,2017/07/10,true,5974.28,Black-capped capuchin,false
28-6872142,Realblab,2017/11/15,false,3825.1,Osprey,false
64-7860843,Realblab,2017/07/10,true,5974.28,Black-capped capuchin,false
28-6872142,Realblab,2017/11/15,false,3825.1,Osprey,false
64-7860843,Realblab,2017/07/10,true,5974.28,Black-capped capuchin,false
28-6872142,Realblab,2017/11/15,false,3825.1,Osprey,false
64-7860843,Realblab,2017/07/10,true,5974.28,Black-capped capuchin,false
28-6872142,Realblab,2017/11/15,false,3825.1,Osprey,false
64-7860843,Realblab,2017/07/10,true,5974.28,Black-capped capuchin,false
28-6872142,Realblab,2017/11/15,false,3825.1,Osprey,false
64-7860843,Realblab,2017/07/10,true,5974.28,Black-capped capuchin,false
28-6872142,Realblab,2017/11/15,false,3825.1,Osprey,false
64-7860843,Realblab,2017/07/10,true,5974.28,Black-capped capuchin,false
28-6872142,Realblab,2017/11/15,false,3825.1,Osprey,false
64-7860843,Realblab,2017/07/10,true,5974.28,Black-capped capuchin,false
28-6872142,Realblab,2017/11/15,false,3825.1,Osprey,false
64-7860843,Realblab,2017/07/10,true,5974.28,Black-capped capuchin,false
28-6872142,Realblab,2017/11/15,false,3825.1,Osprey,false
64-7860843,Realblab,2017/07/10,true,5974.28,Black-capped capuchin,false
28-6872142,Realblab,2017/11/15,false,3825.1,Osprey,false
64-7860843,Realblab,2017/07/10,true,5974.28,Black-capped capuchin,false
28-6872142,Realblab,2017/11/15,false,3825.1,Osprey,false
64-7860843,Realblab,2017/07/10,true,5974.28,Black-capped capuchin,false
28-6872142,Realblab,2017/11/15,false,3825.1,Osprey,false
64-7860843,Realblab,2017/07/10,true,5974.28,Black-capped capuchin,false
28-6872142,Realblab,2017/11/15,false,3825.1,Osprey,false
64-7860843,Realblab,2017/07/10,true,5974.28,Black-capped capuchin,false
28-6872142,Realblab,2017/11/15,false,3825.1,Osprey,false
64-7860843,Realblab,2017/07/10,true,5974.28,Black-capped capuchin,false
28-6872142,Realblab,2017/11/15,false,3825.1,Osprey,false
64-7860843,Realblab,2017/07/10,true,5974.28,Black-capped capuchin,false
28-6872142,Realblab,2017/11/15,false,3825.1,Osprey,false
64-7860843,Realblab,2017/07/10,true,5974.28,Black-capped capuchin,false
28-6872142,Realblab,2017/11/15,false,3825.1,Osprey,false
64-7860843,Realblab,2017/07/10,true,5974.28,Black-capped capuchin,false
28-6872142,Realblab,2017/11/15,false,3825.1,Osprey,false
64-7860843,Realblab,2017/07/10,true,5974.28,Black-capped capuchin,false
36-3929819,Realbridge Very long name,2017/02/26,false,3123.96,"Lion, australian sea",false
71-9450256,Realbridge Very long name,2017/07/05,false,7381.8,"Spurfowl, yellow-necked",false
36-3929819,Realbridge Very long name,2017/02/26,false,3123.96,"Lion, australian sea",false
71-9450256,Realbridge Very long name,2017/07/05,false,7381.8,"Spurfowl, yellow-necked",false
36-3929819,Realbridge Very long name,2017/02/26,false,3123.96,"Lion, australian sea",false
71-9450256,Realbridge Very long name,2017/07/05,false,7381.8,"Spurfowl, yellow-necked",false
36-3929819,Realbridge Very long name,2017/02/26,false,3123.96,"Lion, australian sea",false
71-9450256,Realbridge Very long name,2017/07/05,false,7381.8,"Spurfowl, yellow-necked",false
36-3929819,Realbridge Very long name,2017/02/26,false,3123.96,"Lion, australian sea",false
71-9450256,Realbridge Very long name,2017/07/05,false,7381.8,"Spurfowl, yellow-necked",false
36-3929819,Realbridge Very long name,2017/02/26,false,3123.96,"Lion, australian sea",false
71-9450256,Realbridge Very long name,2017/07/05,false,7381.8,"Spurfowl, yellow-necked",false
36-3929819,Realbridge Very long name,2017/02/26,false,3123.96,"Lion, australian sea",false
71-9450256,Realbridge Very long name,2017/07/05,false,7381.8,"Spurfowl, yellow-necked",false
36-3929819,Realbridge Very long name,2017/02/26,false,3123.96,"Lion, australian sea",false
71-9450256,Realbridge Very long name,2017/07/05,false,7381.8,"Spurfowl, yellow-necked",false
36-3929819,Realbridge Very long name,2017/02/26,false,3123.96,"Lion, australian sea",false
71-9450256,Realbridge Very long name,2017/07/05,false,7381.8,"Spurfowl, yellow-necked",false
36-3929819,Realbridge Very long name,2017/02/26,false,3123.96,"Lion, australian sea",false
71-9450256,Realbridge Very long name,2017/07/05,false,7381.8,"Spurfowl, yellow-necked",false
36-3929819,Realbridge Very long name,2017/02/26,false,3123.96,"Lion, australian sea",false
71-9450256,Realbridge Very long name,2017/07/05,false,7381.8,"Spurfowl, yellow-necked",false
36-3929819,Realbridge Very long name,2017/02/26,false,3123.96,"Lion, australian sea",false
71-9450256,Realbridge Very long name,2017/07/05,false,7381.8,"Spurfowl, yellow-necked",false
36-3929819,Realbridge Very long name,2017/02/26,false,3123.96,"Lion, australian sea",false
71-9450256,Realbridge Very long name,2017/07/05,false,7381.8,"Spurfowl, yellow-necked",false
36-3929819,Realbridge Very long name,2017/02/26,false,3123.96,"Lion, australian sea",false
71-9450256,Realbridge Very long name,2017/07/05,false,7381.8,"Spurfowl, yellow-necked",false
36-3929819,Realbridge Very long name,2017/02/26,false,3123.96,"Lion, australian sea",false
71-9450256,Realbridge Very long name,2017/07/05,false,7381.8,"Spurfowl, yellow-necked",false
36-3929819,Realbridge Very long name,2017/02/26,false,3123.96,"Lion, australian sea",false
71-9450256,Realbridge Very long name,2017/07/05,false,7381.8,"Spurfowl, yellow-necked",false
36-3929819,Realbridge Very long name,2017/02/26,false,3123.96,"Lion, australian sea",false
71-9450256,Realbridge Very long name,2017/07/05,false,7381.8,"Spurfowl, yellow-necked",false
36-3929819,Realbridge Very long name,2017/02/26,false,3123.96,"Lion, australian sea",false
71-9450256,Realbridge Very long name,2017/07/05,false,7381.8,"Spurfowl, yellow-necked",false
36-3929819,Realbridge Very long name,2017/02/26,false,3123.96,"Lion, australian sea",false
71-9450256,Realbridge Very long name,2017/07/05,false,7381.8,"Spurfowl, yellow-necked",false
36-3929819,Realbridge Very long name,2017/02/26,false,3123.96,"Lion, australian sea",false
71-9450256,Realbridge Very long name,2017/07/05,false,7381.8,"Spurfowl, yellow-necked",false
36-3929819,Realbridge Very long name,2017/02/26,false,3123.96,"Lion, australian sea",false
71-9450256,Realbridge Very long name,2017/07/05,false,7381.8,"Spurfowl, yellow-necked",false
36-3929819,Realbridge Very long name,2017/02/26,false,3123.96,"Lion, australian sea",false
71-9450256,Realbridge Very long name,2017/07/05,false,7381.8,"Spurfowl, yellow-necked",false
13-2017889,Realmix,2017/10/04,true,2197.88,Ring-tailed gecko,false
13-2017889,Realmix,2017/10/04,true,2197.88,Ring-tailed gecko,false
13-2017889,Realmix,2017/10/04,true,2197.88,Ring-tailed gecko,false
19-0468774,Realpoint,2017/02/18,false,5393.98,"Francolin, swainson's",false
19-0468774,Realpoint,2017/02/18,false,5393.98,"Francolin, swainson's",false
19-0468774,Realpoint,2017/02/18,false,5393.98,"Francolin, swainson's",false
74-2723773,Roombo,2017/09/20,true,284.76,Red-legged pademelon,false
74-2723773,Roombo,2017/09/20,true,284.76,Red-legged pademelon,false
70-5230385,Skivee,2017/01/12,true,5553.76,"Dove, mourning collared",false
07-6707197,Skivee,2017/03/12,false,8382.81,African lynx,false
07-6707197,Skivee,2017/03/12,false,8382.81,African lynx,false
07-6707197,Skivee,2017/03/12,false,8382.81,African lynx,false
07-6707197,Skivee,2017/03/12,false,8382.81,African lynx,false
07-6707197,Skivee,2017/03/12,false,8382.81,African lynx,false
07-6707197,Skivee,2017/03/12,false,8382.81,African lynx,false
07-6707197,Skivee,2017/03/12,false,8382.81,African lynx,false
07-6707197,Skivee,2017/03/12,false,8382.81,African lynx,false
70-5230385,Skivee,2017/01/12,true,5553.76,"Dove, mourning collared",false
07-6707197,Skivee,2017/03/12,false,8382.81,African lynx,false
07-6707197,Skivee,2017/03/12,false,8382.81,African lynx,false
07-6707197,Skivee,2017/03/12,false,8382.81,African lynx,false
07-6707197,Skivee,2017/03/12,false,8382.81,African lynx,false
07-6707197,Skivee,2017/03/12,false,8382.81,African lynx,false
07-6707197,Skivee,2017/03/12,false,8382.81,African lynx,false
07-6707197,Skivee,2017/03/12,false,8382.81,African lynx,false
07-6707197,Skivee,2017/03/12,false,8382.81,African lynx,false
70-5230385,Skivee,2017/01/12,true,5553.76,"Dove, mourning collared",false
07-6707197,Skivee,2017/03/12,false,8382.81,African lynx,false
07-6707197,Skivee,2017/03/12,false,8382.81,African lynx,false
07-6707197,Skivee,2017/03/12,false,8382.81,African lynx,false
07-6707197,Skivee,2017/03/12,false,8382.81,African lynx,false
07-6707197,Skivee,2017/03/12,false,8382.81,African lynx,false
92-3740085,Skyble,2017/07/25,false,3022.77,Tyrant flycatcher,false
92-3740085,Skyble,2017/07/25,false,3022.77,Tyrant flycatcher,false
92-3740085,Skyble,2017/07/25,false,3022.77,Tyrant flycatcher,false
58-0534877,Tagopia,2017/04/30,false,4284.82,Vervet monkey,false
58-0534877,Tagopia,2017/04/30,false,4284.82,Vervet monkey,false
58-0534877,Tagopia,2017/04/30,false,4284.82,Vervet monkey,false
69-4578967,Tavu,2017/12/31,false,6181.16,Carpet python,false
69-4578967,Tavu,2017/12/31,false,6181.16,Carpet python,false
69-4578967,Tavu,2017/12/31,false,6181.16,Carpet python,false
64-3106582,Thoughtbridge,2017/04/13,true,6517.16,"Penguin, galapagos",false
64-3106582,Thoughtbridge,2017/04/13,true,6517.16,"Penguin, galapagos",false
64-3106582,Thoughtbridge,2017/04/13,true,6517.16,"Penguin, galapagos",false
50-1723962,Topdrive,2017/03/13,false,9416.33,Andean goose,false
50-1723962,Topdrive,2017/03/13,false,9416.33,Andean goose,false
50-1723962,Topdrive,2017/03/13,false,9416.33,Andean goose,false
49-1601605,Trupe,2017/06/08,false,8937.16,"Bulbul, african red-eyed",false
97-3722385,Trupe,2017/12/10,false,13594.13,"Lemming, collared",false
97-3722385,Trupe,2017/12/10,false,3594.13,"Lemming, collared",false
97-3722385,Trupe,2017/12/10,false,3594.13,"Lemming, collared",false
97-3722385,Trupe,2017/12/10,false,3594.13,"Lemming, collared",false
97-3722385,Trupe,2017/12/10,false,3594.13,"Lemming, collared",false
97-3722385,Trupe,2017/12/10,false,3594.13,"Lemming, collared",false
97-3722385,Trupe,2017/12/10,false,3594.13,"Lemming, collared",false
97-3722385,Trupe,2017/12/10,false,3594.13,"Lemming, collared",false
49-1601605,Trupe,2017/06/08,false,8937.16,"Bulbul, african red-eyed",false
97-3722385,Trupe,2017/12/10,false,13594.13,"Lemming, collared",false
97-3722385,Trupe,2017/12/10,false,3594.13,"Lemming, collared",false
97-3722385,Trupe,2017/12/10,false,3594.13,"Lemming, collared",false
97-3722385,Trupe,2017/12/10,false,3594.13,"Lemming, collared",false
97-3722385,Trupe,2017/12/10,false,3594.13,"Lemming, collared",false
97-3722385,Trupe,2017/12/10,false,3594.13,"Lemming, collared",false
97-3722385,Trupe,2017/12/10,false,3594.13,"Lemming, collared",false
97-3722385,Trupe,2017/12/10,false,3594.13,"Lemming, collared",false
49-1601605,Trupe,2017/06/08,false,8937.16,"Bulbul, african red-eyed",false
97-3722385,Trupe,2017/12/10,false,13594.13,"Lemming, collared",false
97-3722385,Trupe,2017/12/10,false,3594.13,"Lemming, collared",false
97-3722385,Trupe,2017/12/10,false,3594.13,"Lemming, collared",false
97-3722385,Trupe,2017/12/10,false,3594.13,"Lemming, collared",false
97-3722385,Trupe,2017/12/10,false,3594.13,"Lemming, collared",false
97-3722385,Trupe,2017/12/10,false,3594.13,"Lemming, collared",false
28-8632497,Twimbo,2017/01/25,false,3260.84,Civet (unidentified),false
28-8632497,Twimbo,2017/01/25,false,3260.84,Civet (unidentified),false
28-8632497,Twimbo,2017/01/25,false,3260.84,Civet (unidentified),false
28-8632497,Twimbo,2017/01/25,false,3260.84,Civet (unidentified),false
28-8632497,Twimbo,2017/01/25,false,3260.84,Civet (unidentified),false
28-8632497,Twimbo,2017/01/25,false,3260.84,Civet (unidentified),false
28-8632497,Twimbo,2017/01/25,false,3260.84,Civet (unidentified),false
28-8632497,Twimbo,2017/01/25,false,3260.84,Civet (unidentified),false
28-8632497,Twimbo,2017/01/25,false,3260.84,Civet (unidentified),false
28-8632497,Twimbo,2017/01/25,false,3260.84,Civet (unidentified),false
28-8632497,Twimbo,2017/01/25,false,3260.84,Civet (unidentified),false
28-8632497,Twimbo,2017/01/25,false,3260.84,Civet (unidentified),false
28-8632497,Twimbo,2017/01/25,false,3260.84,Civet (unidentified),false
28-8632497,Twimbo,2017/01/25,false,3260.84,Civet (unidentified),false
28-8632497,Twimbo,2017/01/25,false,3260.84,Civet (unidentified),false
28-8632497,Twimbo,2017/01/25,false,3260.84,Civet (unidentified),false
28-8632497,Twimbo,2017/01/25,false,3260.84,Civet (unidentified),false
28-8632497,Twimbo,2017/01/25,false,3260.84,Civet (unidentified),false
28-8632497,Twimbo,2017/01/25,false,3260.84,Civet (unidentified),false
28-8632497,Twimbo,2017/01/25,false,3260.84,Civet (unidentified),false
28-8632497,Twimbo,2017/01/25,false,3260.84,Civet (unidentified),false
28-8632497,Twimbo,2017/01/25,false,3260.84,Civet (unidentified),false
61-6245355,Twinte,2017/12/06,true,23461.5,White-tailed jackrabbit,false
46-9353889,Twinte,2017/06/07,false,3379.72,"Wallaby, agile",false
61-6245355,Twinte,2017/12/06,true,23461.5,White-tailed jackrabbit,false
46-9353889,Twinte,2017/06/07,false,3379.72,"Wallaby, agile",false
61-6245355,Twinte,2017/12/06,true,23461.5,White-tailed jackrabbit,false
46-9353889,Twinte,2017/06/07,false,3379.72,"Wallaby, agile",false
30-4533859,Vimbo,2017/07/01,true,6836.34,Western patch-nosed snake,false
30-4533859,Vimbo,2017/07/01,true,6836.34,Western patch-nosed snake,false
30-4533859,Vimbo,2017/07/01,true,6836.34,Western patch-nosed snake,false
80-7444246,Viva,2017/01/06,true,19661.37,Tyrant flycatcher,false
52-6060297,Viva,2017/05/11,true,7548.16,Galapagos dove,false
80-7444246,Viva,2017/01/06,true,19661.37,Tyrant flycatcher,false
52-6060297,Viva,2017/05/11,true,7548.16,Galapagos dove,false
80-7444246,Viva,2017/01/06,true,19661.37,Tyrant flycatcher,false
52-6060297,Viva,2017/05/11,true,7548.16,Galapagos dove,false
22-4453740,Voomm,2017/02/06,false,4537.98,Black-backed jackal,false
22-4453740,Voomm,2017/02/06,false,4537.98,Black-backed jackal,false
22-4453740,Voomm,2017/02/06,false,4537.98,Black-backed jackal,false
65-1033400,Voonte,2017/09/06,true,2575.24,Gray heron,false
31-3804742,Voonte,2017/10/29,true,7354.28,American badger,false
65-1033400,Voonte,2017/09/06,true,2575.24,Gray heron,false
31-3804742,Voonte,2017/10/29,true,7354.28,American badger,false
65-1033400,Voonte,2017/09/06,true,2575.24,Gray heron,false
31-3804742,Voonte,2017/10/29,true,7354.28,American badger,false
28-8605549,Yakijo,2017/09/02,true,2147.96,"Loris, slender",false
28-8605549,Yakijo,2017/09/02,true,2147.96,"Loris, slender",false
28-8605549,Yakijo,2017/09/02,true,2147.96,"Loris, slender",false
11-0810838,Yamia,2017/07/24,false,8257.74,Red-breasted cockatoo,false
11-0810838,Yamia,2017/07/24,false,8257.74,Red-breasted cockatoo,false
11-0810838,Yamia,2017/07/24,false,8257.74,Red-breasted cockatoo,false
77-5153401,Yata,2017/10/19,true,160.31,"Tortoise, radiated",false
77-5153401,Yata,2017/10/19,true,160.31,"Tortoise, radiated",false
77-5153401,Yata,2017/10/19,true,160.31,"Tortoise, radiated",false
77-5153401,Yata,2017/10/19,true,160.31,"Tortoise, radiated",false
77-5153401,Yata,2017/10/19,true,160.31,"Tortoise, radiated",false
77-5153401,Yata,2017/10/19,true,160.31,"Tortoise, radiated",false
77-5153401,Yata,2017/10/19,true,160.31,"Tortoise, radiated",false
77-5153401,Yata,2017/10/19,true,160.31,"Tortoise, radiated",false
77-5153401,Yata,2017/10/19,true,160.31,"Tortoise, radiated",false
77-5153401,Yata,2017/10/19,true,160.31,"Tortoise, radiated",false
77-5153401,Yata,2017/10/19,true,160.31,"Tortoise, radiated",false
77-5153401,Yata,2017/10/19,true,160.31,"Tortoise, radiated",false
77-5153401,Yata,2017/10/19,true,160.31,"Tortoise, radiated",false
77-5153401,Yata,2017/10/19,true,160.31,"Tortoise, radiated",false
77-5153401,Yata,2017/10/19,true,160.31,"Tortoise, radiated",false
77-5153401,Yata,2017/10/19,true,160.31,"Tortoise, radiated",false
77-5153401,Yata,2017/10/19,true,160.31,"Tortoise, radiated",false
77-5153401,Yata,2017/10/19,true,160.31,"Tortoise, radiated",false
77-5153401,Yata,2017/10/19,true,160.31,"Tortoise, radiated",false
77-5153401,Yata,2017/10/19,true,160.31,"Tortoise, radiated",false
77-5153401,Yata,2017/10/19,true,160.31,"Tortoise, radiated",false
77-5153401,Yata,2017/10/19,true,160.31,"Tortoise, radiated",false
35-4919686,Yodoo,2017/01/05,false,4921.28,"Goose, spur-winged",false
35-4919686,Yodoo,2017/01/05,false,4921.28,"Goose, spur-winged",false
35-4919686,Yodoo,2017/01/05,false,4921.28,"Goose, spur-winged",false
21-7333166,Youbridge,2017/06/11,false,2989.43,Short-nosed bandicoot,false
21-7333166,Youbridge,2017/06/11,false,2989.43,Short-nosed bandicoot,false
55-2056854,Youopia,2017/02/01,true,3422.82,"Bandicoot, short-nosed",false
55-2056854,Youopia,2017/02/01,true,3422.82,"Bandicoot, short-nosed",false
60-2272238,Youtags,2017/06/15,true,931.93,"Tortoise, burmese brown mountain",false
60-2272238,Youtags,2017/06/15,true,931.93,"Tortoise, burmese brown mountain",false
60-2272238,Youtags,2017/06/15,true,931.93,"Tortoise, burmese brown mountain",false
21-3673187,Yozio,2017/03/13,true,861.76,"Cat, miner's",false
21-3673187,Yozio,2017/03/13,true,861.76,"Cat, miner's",false
21-3673187,Yozio,2017/03/13,true,861.76,"Cat, miner's",false
21-3673187,Yozio,2017/03/13,true,861.76,"Cat, miner's",false
21-3673187,Yozio,2017/03/13,true,861.76,"Cat, miner's",false
21-3673187,Yozio,2017/03/13,true,861.76,"Cat, miner's",false
21-3673187,Yozio,2017/03/13,true,861.76,"Cat, miner's",false
21-3673187,Yozio,2017/03/13,true,861.76,"Cat, miner's",false
21-3673187,Yozio,2017/03/13,true,861.76,"Cat, miner's",false
21-3673187,Yozio,2017/03/13,true,861.76,"Cat, miner's",false
21-3673187,Yozio,2017/03/13,true,861.76,"Cat, miner's",false
21-3673187,Yozio,2017/03/13,true,861.76,"Cat, miner's",false
21-3673187,Yozio,2017/03/13,true,861.76,"Cat, miner's",false
21-3673187,Yozio,2017/03/13,true,861.76,"Cat, miner's",false
21-3673187,Yozio,2017/03/13,true,861.76,"Cat, miner's",false
21-3673187,Yozio,2017/03/13,true,861.76,"Cat, miner's",false
21-3673187,Yozio,2017/03/13,true,861.76,"Cat, miner's",false
21-3673187,Yozio,2017/03/13,true,861.76,"Cat, miner's",false
21-3673187,Yozio,2017/03/13,true,861.76,"Cat, miner's",false
21-3673187,Yozio,2017/03/13,true,861.76,"Cat, miner's",false
21-3673187,Yozio,2017/03/13,true,861.76,"Cat, miner's",false
21-3673187,Yozio,2017/03/13,true,861.76,"Cat, miner's",false
89-9206772,Zava,2017/07/24,true,2957.67,Reindeer,false
89-9206772,Zava,2017/07/24,true,2957.67,Reindeer,false
89-9206772,Zava,2017/07/24,true,2957.67,Reindeer,false
82-4115180,Zazio,2017/12/10,true,2454.32,Moose,false
82-4115180,Zazio,2017/12/10,true,2454.32,Moose,false
82-4115180,Zazio,2017/12/10,true,2454.32,Moose,false
96-1588258,Zoombeat,2017/01/18,false,3213.95,Black-cheeked waxbill,false
96-1588258,Zoombeat,2017/01/18,false,3213.95,Black-cheeked waxbill,false
96-1588258,Zoombeat,2017/01/18,false,3213.95,Black-cheeked waxbill,false
96-1588258,Zoombeat,2017/01/18,false,3213.95,Black-cheeked waxbill,false
96-1588258,Zoombeat,2017/01/18,false,3213.95,Black-cheeked waxbill,false
96-1588258,Zoombeat,2017/01/18,false,3213.95,Black-cheeked waxbill,false
96-1588258,Zoombeat,2017/01/18,false,3213.95,Black-cheeked waxbill,false
96-1588258,Zoombeat,2017/01/18,false,3213.95,Black-cheeked waxbill,false
96-1588258,Zoombeat,2017/01/18,false,3213.95,Black-cheeked waxbill,false
96-1588258,Zoombeat,2017/01/18,false,3213.95,Black-cheeked waxbill,false
96-1588258,Zoombeat,2017/01/18,false,3213.95,Black-cheeked waxbill,false
96-1588258,Zoombeat,2017/01/18,false,3213.95,Black-cheeked waxbill,false
96-1588258,Zoombeat,2017/01/18,false,3213.95,Black-cheeked waxbill,false
96-1588258,Zoombeat,2017/01/18,false,3213.95,Black-cheeked waxbill,false
96-1588258,Zoombeat,2017/01/18,false,3213.95,Black-cheeked waxbill,false
96-1588258,Zoombeat,2017/01/18,false,3213.95,Black-cheeked waxbill,false
96-1588258,Zoombeat,2017/01/18,false,3213.95,Black-cheeked waxbill,false
96-1588258,Zoombeat,2017/01/18,false,3213.95,Black-cheeked waxbill,false
96-1588258,Zoombeat,2017/01/18,false,3213.95,Black-cheeked waxbill,false
96-1588258,Zoombeat,2017/01/18,false,3213.95,Black-cheeked waxbill,false
96-1588258,Zoombeat,2017/01/18,false,3213.95,Black-cheeked waxbill,false
34-0559709,Zoombox,2017/07/02,true,7195.07,Bald eagle,false
34-0559709,Zoombox,2017/07/02,true,7195.07,Bald eagle,false
34-0559709,Zoombox,2017/07/02,true,7195.07,Bald eagle,false
46-3708042,Zoomcast,2017/09/22,false,4764.43,Lilac-breasted roller,false
46-3708042,Zoomcast,2017/09/22,false,4764.43,Lilac-breasted roller,false
46-3708042,Zoomcast,2017/09/22,false,4764.43,Lilac-breasted roller,false
46-3708042,Zoomcast,2017/09/22,false,4764.43,Lilac-breasted roller,false
46-3708042,Zoomcast,2017/09/22,false,4764.43,Lilac-breasted roller,false
46-3708042,Zoomcast,2017/09/22,false,4764.43,Lilac-breasted roller,false
46-3708042,Zoomcast,2017/09/22,false,4764.43,Lilac-breasted roller,false
46-3708042,Zoomcast,2017/09/22,false,4764.43,Lilac-breasted roller,false
46-3708042,Zoomcast,2017/09/22,false,4764.43,Lilac-breasted roller,false
46-3708042,Zoomcast,2017/09/22,false,4764.43,Lilac-breasted roller,false
46-3708042,Zoomcast,2017/09/22,false,4764.43,Lilac-breasted roller,false
46-3708042,Zoomcast,2017/09/22,false,4764.43,Lilac-breasted roller,false
46-3708042,Zoomcast,2017/09/22,false,4764.43,Lilac-breasted roller,false
46-3708042,Zoomcast,2017/09/22,false,4764.43,Lilac-breasted roller,false
46-3708042,Zoomcast,2017/09/22,false,4764.43,Lilac-breasted roller,false
46-3708042,Zoomcast,2017/09/22,false,4764.43,Lilac-breasted roller,false
46-3708042,Zoomcast,2017/09/22,false,4764.43,Lilac-breasted roller,false
46-3708042,Zoomcast,2017/09/22,false,4764.43,Lilac-breasted roller,false
46-3708042,Zoomcast,2017/09/22,false,4764.43,Lilac-breasted roller,false
46-3708042,Zoomcast,2017/09/22,false,4764.43,Lilac-breasted roller,false
46-3708042,Zoomcast,2017/09/22,false,4764.43,Lilac-breasted roller,false
64-0336736,Zoomzone,2017/09/11,true,6461.44,Greater rhea,false
45-4228792,Zoomzone,2017/12/05,true,6229.91,Carpet python,false
64-0336736,Zoomzone,2017/09/11,true,6461.44,Greater rhea,false
45-4228792,Zoomzone,2017/12/05,true,6229.91,Carpet python,false
64-0336736,Zoomzone,2017/09/11,true,6461.44,Greater rhea,false
45-4228792,Zoomzone,2017/12/05,true,6229.91,Carpet python,false
